﻿Date,Day,Spiritual Phase,Theme,IG Post Type,IG Prompt,Threads Post Type,Threads Prompt,Hashtag Set,Status,Notes
"May 22, 2025",Thursday,🌑 Naming the Wound,Naming the Wound,🔲 Shame Reframe Carousel,Write a shame reframe carousel about naming the wound.,Mini Poem Thread,Create a mini poem thread reflecting on naming the wound.,#shamerecovery #innerchildhealing #faithandmentalhealth #godslove #poetichealing,Planned,
"May 23, 2025",Friday,🌑 Naming the Wound,Naming the Wound,🔲 Shame Reframe Carousel,Write a ifs poetic prompt about naming the wound.,Faith Reflection Thread,Create a faith reflection thread reflecting on naming the wound.,#shamerecovery #innerchildhealing #faithandmentalhealth #godslove #poetichealing,Planned,
"May 24, 2025",Saturday,🌑 Naming the Wound,Naming the Wound,🔲 Shame Reframe Carousel,Write a inner child reflection about naming the wound.,God’s Voice Micro-Thread,Create a god’s voice micro-thread reflecting on naming the wound.,#shamerecovery #innerchildhealing #faithandmentalhealth #godslove #poetichealing,Planned,
"May 25, 2025",Sunday,🌑 Naming the Wound,Naming the Wound,🔲 Shame Reframe Carousel,Write a god voice post about naming the wound.,Inner Child Voice Note,Create a inner child voice note reflecting on naming the wound.,#shamerecovery #innerchildhealing #faithandmentalhealth #godslove #poetichealing,Planned,
"May 26, 2025",Monday,🌑 Naming the Wound,Naming the Wound,🔲 Shame Reframe Carousel,Write a emotional reframe about naming the wound.,Prompt + Reframe Thread,Create a prompt + reframe thread reflecting on naming the wound.,#shamerecovery #innerchildhealing #faithandmentalhealth #godslove #poetichealing,Planned,
"May 27, 2025",Tuesday,🌑 Naming the Wound,Naming the Wound,🔲 Shame Reframe Carousel,Write a affirmation or blessing about naming the wound.,Gentle Challenge Thread,Create a gentle challenge thread reflecting on naming the wound.,#shamerecovery #innerchildhealing #faithandmentalhealth #godslove #poetichealing,Planned,
"May 28, 2025",Wednesday,🌑 Naming the Wound,Naming the Wound,🔲 Shame Reframe Carousel,Write a shame reframe carousel about naming the wound.,Mini Poem Thread,Create a mini poem thread reflecting on naming the wound.,#shamerecovery #innerchildhealing #faithandmentalhealth #godslove #poetichealing,Planned,
"May 29, 2025",Thursday,🌑 Naming the Wound,Naming the Wound,🔲 Shame Reframe Carousel,Write a ifs poetic prompt about naming the wound.,Faith Reflection Thread,Create a faith reflection thread reflecting on naming the wound.,#shamerecovery #innerchildhealing #faithandmentalhealth #godslove #poetichealing,Planned,
"May 30, 2025",Friday,🌑 Naming the Wound,Naming the Wound,🔲 Shame Reframe Carousel,Write a inner child reflection about naming the wound.,God’s Voice Micro-Thread,Create a god’s voice micro-thread reflecting on naming the wound.,#shamerecovery #innerchildhealing #faithandmentalhealth #godslove #poetichealing,Planned,
"May 31, 2025",Saturday,🌑 Naming the Wound,Naming the Wound,🔲 Shame Reframe Carousel,Write a god voice post about naming the wound.,Inner Child Voice Note,Create a inner child voice note reflecting on naming the wound.,#shamerecovery #innerchildhealing #faithandmentalhealth #godslove #poetichealing,Planned,
"June 1, 2025",Sunday,🌑 Naming the Wound,Naming the Wound,🔲 Shame Reframe Carousel,Write a emotional reframe about naming the wound.,Prompt + Reframe Thread,Create a prompt + reframe thread reflecting on naming the wound.,#shamerecovery #innerchildhealing #faithandmentalhealth #godslove #poetichealing,Planned,
"June 2, 2025",Monday,🌑 Naming the Wound,Naming the Wound,🔲 Shame Reframe Carousel,Write a affirmation or blessing about naming the wound.,Gentle Challenge Thread,Create a gentle challenge thread reflecting on naming the wound.,#shamerecovery #innerchildhealing #faithandmentalhealth #godslove #poetichealing,Planned,
"June 3, 2025",Tuesday,🌑 Naming the Wound,Naming the Wound,🔲 Shame Reframe Carousel,Write a shame reframe carousel about naming the wound.,Mini Poem Thread,Create a mini poem thread reflecting on naming the wound.,#shamerecovery #innerchildhealing #faithandmentalhealth #godslove #poetichealing,Planned,
"June 4, 2025",Wednesday,🌑 Naming the Wound,Naming the Wound,🔲 Shame Reframe Carousel,Write a ifs poetic prompt about naming the wound.,Faith Reflection Thread,Create a faith reflection thread reflecting on naming the wound.,#shamerecovery #innerchildhealing #faithandmentalhealth #godslove #poetichealing,Planned,
"June 5, 2025",Thursday,🌑 Naming the Wound,Naming the Wound,🔲 Shame Reframe Carousel,Write a inner child reflection about naming the wound.,God’s Voice Micro-Thread,Create a god’s voice micro-thread reflecting on naming the wound.,#shamerecovery #innerchildhealing #faithandmentalhealth #godslove #poetichealing,Planned,
"June 6, 2025",Friday,🌑 Naming the Wound,Naming the Wound,🔲 Shame Reframe Carousel,Write a god voice post about naming the wound.,Inner Child Voice Note,Create a inner child voice note reflecting on naming the wound.,#shamerecovery #innerchildhealing #faithandmentalhealth #godslove #poetichealing,Planned,
"June 7, 2025",Saturday,🌑 Naming the Wound,Naming the Wound,🔲 Shame Reframe Carousel,Write a emotional reframe about naming the wound.,Prompt + Reframe Thread,Create a prompt + reframe thread reflecting on naming the wound.,#shamerecovery #innerchildhealing #faithandmentalhealth #godslove #poetichealing,Planned,
"June 8, 2025",Sunday,🌑 Naming the Wound,Naming the Wound,🔲 Shame Reframe Carousel,Write a affirmation or blessing about naming the wound.,Gentle Challenge Thread,Create a gentle challenge thread reflecting on naming the wound.,#shamerecovery #innerchildhealing #faithandmentalhealth #godslove #poetichealing,Planned,
"June 9, 2025",Monday,🌑 Naming the Wound,Naming the Wound,🔲 Shame Reframe Carousel,Write a shame reframe carousel about naming the wound.,Mini Poem Thread,Create a mini poem thread reflecting on naming the wound.,#shamerecovery #innerchildhealing #faithandmentalhealth #godslove #poetichealing,Planned,
"June 10, 2025",Tuesday,🌑 Naming the Wound,Naming the Wound,🔲 Shame Reframe Carousel,Write a ifs poetic prompt about naming the wound.,Faith Reflection Thread,Create a faith reflection thread reflecting on naming the wound.,#shamerecovery #innerchildhealing #faithandmentalhealth #godslove #poetichealing,Planned,
"June 11, 2025",Wednesday,🌑 Naming the Wound,Naming the Wound,🔲 Shame Reframe Carousel,Write a inner child reflection about naming the wound.,God’s Voice Micro-Thread,Create a god’s voice micro-thread reflecting on naming the wound.,#shamerecovery #innerchildhealing #faithandmentalhealth #godslove #poetichealing,Planned,
"June 12, 2025",Thursday,🌱 Reparenting the Self,Reparenting the Self,🪞 Inner Child Reflection,Write a god voice post about reparenting the self.,Inner Child Voice Note,Create a inner child voice note reflecting on reparenting the self.,#shamerecovery #innerchildhealing #faithandmentalhealth #godslove #poetichealing,Planned,
"June 13, 2025",Friday,🌱 Reparenting the Self,Reparenting the Self,🪞 Inner Child Reflection,Write a emotional reframe about reparenting the self.,Prompt + Reframe Thread,Create a prompt + reframe thread reflecting on reparenting the self.,#shamerecovery #innerchildhealing #faithandmentalhealth #godslove #poetichealing,Planned,
"June 14, 2025",Saturday,🌱 Reparenting the Self,Reparenting the Self,🪞 Inner Child Reflection,Write a affirmation or blessing about reparenting the self.,Gentle Challenge Thread,Create a gentle challenge thread reflecting on reparenting the self.,#shamerecovery #innerchildhealing #faithandmentalhealth #godslove #poetichealing,Planned,
"June 15, 2025",Sunday,🌱 Reparenting the Self,Reparenting the Self,🪞 Inner Child Reflection,Write a shame reframe carousel about reparenting the self.,Mini Poem Thread,Create a mini poem thread reflecting on reparenting the self.,#shamerecovery #innerchildhealing #faithandmentalhealth #godslove #poetichealing,Planned,
"June 16, 2025",Monday,🌱 Reparenting the Self,Reparenting the Self,🪞 Inner Child Reflection,Write a ifs poetic prompt about reparenting the self.,Faith Reflection Thread,Create a faith reflection thread reflecting on reparenting the self.,#shamerecovery #innerchildhealing #faithandmentalhealth #godslove #poetichealing,Planned,
"June 17, 2025",Tuesday,🌱 Reparenting the Self,Reparenting the Self,🪞 Inner Child Reflection,Write a inner child reflection about reparenting the self.,God’s Voice Micro-Thread,Create a god’s voice micro-thread reflecting on reparenting the self.,#shamerecovery #innerchildhealing #faithandmentalhealth #godslove #poetichealing,Planned,
"June 18, 2025",Wednesday,🌱 Reparenting the Self,Reparenting the Self,🪞 Inner Child Reflection,Write a god voice post about reparenting the self.,Inner Child Voice Note,Create a inner child voice note reflecting on reparenting the self.,#shamerecovery #innerchildhealing #faithandmentalhealth #godslove #poetichealing,Planned,
"June 19, 2025",Thursday,🌱 Reparenting the Self,Reparenting the Self,🪞 Inner Child Reflection,Write a emotional reframe about reparenting the self.,Prompt + Reframe Thread,Create a prompt + reframe thread reflecting on reparenting the self.,#shamerecovery #innerchildhealing #faithandmentalhealth #godslove #poetichealing,Planned,
"June 20, 2025",Friday,🌱 Reparenting the Self,Reparenting the Self,🪞 Inner Child Reflection,Write a affirmation or blessing about reparenting the self.,Gentle Challenge Thread,Create a gentle challenge thread reflecting on reparenting the self.,#shamerecovery #innerchildhealing #faithandmentalhealth #godslove #poetichealing,Planned,
"June 21, 2025",Saturday,🌱 Reparenting the Self,Reparenting the Self,🪞 Inner Child Reflection,Write a shame reframe carousel about reparenting the self.,Mini Poem Thread,Create a mini poem thread reflecting on reparenting the self.,#shamerecovery #innerchildhealing #faithandmentalhealth #godslove #poetichealing,Planned,
"June 22, 2025",Sunday,🌱 Reparenting the Self,Reparenting the Self,🪞 Inner Child Reflection,Write a ifs poetic prompt about reparenting the self.,Faith Reflection Thread,Create a faith reflection thread reflecting on reparenting the self.,#shamerecovery #innerchildhealing #faithandmentalhealth #godslove #poetichealing,Planned,
"June 23, 2025",Monday,🌱 Reparenting the Self,Reparenting the Self,🪞 Inner Child Reflection,Write a inner child reflection about reparenting the self.,God’s Voice Micro-Thread,Create a god’s voice micro-thread reflecting on reparenting the self.,#shamerecovery #innerchildhealing #faithandmentalhealth #godslove #poetichealing,Planned,
"June 24, 2025",Tuesday,🌱 Reparenting the Self,Reparenting the Self,🪞 Inner Child Reflection,Write a god voice post about reparenting the self.,Inner Child Voice Note,Create a inner child voice note reflecting on reparenting the self.,#shamerecovery #innerchildhealing #faithandmentalhealth #godslove #poetichealing,Planned,
"June 25, 2025",Wednesday,🌱 Reparenting the Self,Reparenting the Self,🪞 Inner Child Reflection,Write a emotional reframe about reparenting the self.,Prompt + Reframe Thread,Create a prompt + reframe thread reflecting on reparenting the self.,#shamerecovery #innerchildhealing #faithandmentalhealth #godslove #poetichealing,Planned,
"June 26, 2025",Thursday,🌱 Reparenting the Self,Reparenting the Self,🪞 Inner Child Reflection,Write a affirmation or blessing about reparenting the self.,Gentle Challenge Thread,Create a gentle challenge thread reflecting on reparenting the self.,#shamerecovery #innerchildhealing #faithandmentalhealth #godslove #poetichealing,Planned,
"June 27, 2025",Friday,🌱 Reparenting the Self,Reparenting the Self,🪞 Inner Child Reflection,Write a shame reframe carousel about reparenting the self.,Mini Poem Thread,Create a mini poem thread reflecting on reparenting the self.,#shamerecovery #innerchildhealing #faithandmentalhealth #godslove #poetichealing,Planned,
"June 28, 2025",Saturday,🌱 Reparenting the Self,Reparenting the Self,🪞 Inner Child Reflection,Write a ifs poetic prompt about reparenting the self.,Faith Reflection Thread,Create a faith reflection thread reflecting on reparenting the self.,#shamerecovery #innerchildhealing #faithandmentalhealth #godslove #poetichealing,Planned,
"June 29, 2025",Sunday,🌱 Reparenting the Self,Reparenting the Self,🪞 Inner Child Reflection,Write a inner child reflection about reparenting the self.,God’s Voice Micro-Thread,Create a god’s voice micro-thread reflecting on reparenting the self.,#shamerecovery #innerchildhealing #faithandmentalhealth #godslove #poetichealing,Planned,
"June 30, 2025",Monday,🌱 Reparenting the Self,Reparenting the Self,🪞 Inner Child Reflection,Write a god voice post about reparenting the self.,Inner Child Voice Note,Create a inner child voice note reflecting on reparenting the self.,#shamerecovery #innerchildhealing #faithandmentalhealth #godslove #poetichealing,Planned,
"July 1, 2025",Tuesday,🌱 Reparenting the Self,Reparenting the Self,🪞 Inner Child Reflection,Write a emotional reframe about reparenting the self.,Prompt + Reframe Thread,Create a prompt + reframe thread reflecting on reparenting the self.,#shamerecovery #innerchildhealing #faithandmentalhealth #godslove #poetichealing,Planned,
"July 2, 2025",Wednesday,🌱 Reparenting the Self,Reparenting the Self,🪞 Inner Child Reflection,Write a affirmation or blessing about reparenting the self.,Gentle Challenge Thread,Create a gentle challenge thread reflecting on reparenting the self.,#shamerecovery #innerchildhealing #faithandmentalhealth #godslove #poetichealing,Planned,
"July 3, 2025",Thursday,🌤 Hearing God's Voice,Hearing God's Voice,💬 God Voice Post,Write a shame reframe carousel about hearing god's voice.,Mini Poem Thread,Create a mini poem thread reflecting on hearing god's voice.,#shamerecovery #innerchildhealing #faithandmentalhealth #godslove #poetichealing,Planned,
"July 4, 2025",Friday,🌤 Hearing God's Voice,Hearing God's Voice,💬 God Voice Post,Write a ifs poetic prompt about hearing god's voice.,Faith Reflection Thread,Create a faith reflection thread reflecting on hearing god's voice.,#shamerecovery #innerchildhealing #faithandmentalhealth #godslove #poetichealing,Planned,
"July 5, 2025",Saturday,🌤 Hearing God's Voice,Hearing God's Voice,💬 God Voice Post,Write a inner child reflection about hearing god's voice.,God’s Voice Micro-Thread,Create a god’s voice micro-thread reflecting on hearing god's voice.,#shamerecovery #innerchildhealing #faithandmentalhealth #godslove #poetichealing,Planned,
"July 6, 2025",Sunday,🌤 Hearing God's Voice,Hearing God's Voice,💬 God Voice Post,Write a god voice post about hearing god's voice.,Inner Child Voice Note,Create a inner child voice note reflecting on hearing god's voice.,#shamerecovery #innerchildhealing #faithandmentalhealth #godslove #poetichealing,Planned,
"July 7, 2025",Monday,🌤 Hearing God's Voice,Hearing God's Voice,💬 God Voice Post,Write a emotional reframe about hearing god's voice.,Prompt + Reframe Thread,Create a prompt + reframe thread reflecting on hearing god's voice.,#shamerecovery #innerchildhealing #faithandmentalhealth #godslove #poetichealing,Planned,
"July 8, 2025",Tuesday,🌤 Hearing God's Voice,Hearing God's Voice,💬 God Voice Post,Write a affirmation or blessing about hearing god's voice.,Gentle Challenge Thread,Create a gentle challenge thread reflecting on hearing god's voice.,#shamerecovery #innerchildhealing #faithandmentalhealth #godslove #poetichealing,Planned,
"July 9, 2025",Wednesday,🌤 Hearing God's Voice,Hearing God's Voice,💬 God Voice Post,Write a shame reframe carousel about hearing god's voice.,Mini Poem Thread,Create a mini poem thread reflecting on hearing god's voice.,#shamerecovery #innerchildhealing #faithandmentalhealth #godslove #poetichealing,Planned,
"July 10, 2025",Thursday,🌤 Hearing God's Voice,Hearing God's Voice,💬 God Voice Post,Write a ifs poetic prompt about hearing god's voice.,Faith Reflection Thread,Create a faith reflection thread reflecting on hearing god's voice.,#shamerecovery #innerchildhealing #faithandmentalhealth #godslove #poetichealing,Planned,
"July 11, 2025",Friday,🌤 Hearing God's Voice,Hearing God's Voice,💬 God Voice Post,Write a inner child reflection about hearing god's voice.,God’s Voice Micro-Thread,Create a god’s voice micro-thread reflecting on hearing god's voice.,#shamerecovery #innerchildhealing #faithandmentalhealth #godslove #poetichealing,Planned,
"July 12, 2025",Saturday,🌤 Hearing God's Voice,Hearing God's Voice,💬 God Voice Post,Write a god voice post about hearing god's voice.,Inner Child Voice Note,Create a inner child voice note reflecting on hearing god's voice.,#shamerecovery #innerchildhealing #faithandmentalhealth #godslove #poetichealing,Planned,
"July 13, 2025",Sunday,🌤 Hearing God's Voice,Hearing God's Voice,💬 God Voice Post,Write a emotional reframe about hearing god's voice.,Prompt + Reframe Thread,Create a prompt + reframe thread reflecting on hearing god's voice.,#shamerecovery #innerchildhealing #faithandmentalhealth #godslove #poetichealing,Planned,
"July 14, 2025",Monday,🌤 Hearing God's Voice,Hearing God's Voice,💬 God Voice Post,Write a affirmation or blessing about hearing god's voice.,Gentle Challenge Thread,Create a gentle challenge thread reflecting on hearing god's voice.,#shamerecovery #innerchildhealing #faithandmentalhealth #godslove #poetichealing,Planned,
"July 15, 2025",Tuesday,🌤 Hearing God's Voice,Hearing God's Voice,💬 God Voice Post,Write a shame reframe carousel about hearing god's voice.,Mini Poem Thread,Create a mini poem thread reflecting on hearing god's voice.,#shamerecovery #innerchildhealing #faithandmentalhealth #godslove #poetichealing,Planned,
"July 16, 2025",Wednesday,🌤 Hearing God's Voice,Hearing God's Voice,💬 God Voice Post,Write a ifs poetic prompt about hearing god's voice.,Faith Reflection Thread,Create a faith reflection thread reflecting on hearing god's voice.,#shamerecovery #innerchildhealing #faithandmentalhealth #godslove #poetichealing,Planned,
"July 17, 2025",Thursday,🌤 Hearing God's Voice,Hearing God's Voice,💬 God Voice Post,Write a inner child reflection about hearing god's voice.,God’s Voice Micro-Thread,Create a god’s voice micro-thread reflecting on hearing god's voice.,#shamerecovery #innerchildhealing #faithandmentalhealth #godslove #poetichealing,Planned,
"July 18, 2025",Friday,🌤 Hearing God's Voice,Hearing God's Voice,💬 God Voice Post,Write a god voice post about hearing god's voice.,Inner Child Voice Note,Create a inner child voice note reflecting on hearing god's voice.,#shamerecovery #innerchildhealing #faithandmentalhealth #godslove #poetichealing,Planned,
"July 19, 2025",Saturday,🌤 Hearing God's Voice,Hearing God's Voice,💬 God Voice Post,Write a emotional reframe about hearing god's voice.,Prompt + Reframe Thread,Create a prompt + reframe thread reflecting on hearing god's voice.,#shamerecovery #innerchildhealing #faithandmentalhealth #godslove #poetichealing,Planned,
"July 20, 2025",Sunday,🌤 Hearing God's Voice,Hearing God's Voice,💬 God Voice Post,Write a affirmation or blessing about hearing god's voice.,Gentle Challenge Thread,Create a gentle challenge thread reflecting on hearing god's voice.,#shamerecovery #innerchildhealing #faithandmentalhealth #godslove #poetichealing,Planned,
"July 21, 2025",Monday,🌤 Hearing God's Voice,Hearing God's Voice,💬 God Voice Post,Write a shame reframe carousel about hearing god's voice.,Mini Poem Thread,Create a mini poem thread reflecting on hearing god's voice.,#shamerecovery #innerchildhealing #faithandmentalhealth #godslove #poetichealing,Planned,
"July 22, 2025",Tuesday,🌤 Hearing God's Voice,Hearing God's Voice,💬 God Voice Post,Write a ifs poetic prompt about hearing god's voice.,Faith Reflection Thread,Create a faith reflection thread reflecting on hearing god's voice.,#shamerecovery #innerchildhealing #faithandmentalhealth #godslove #poetichealing,Planned,
"July 23, 2025",Wednesday,🌤 Hearing God's Voice,Hearing God's Voice,💬 God Voice Post,Write a inner child reflection about hearing god's voice.,God’s Voice Micro-Thread,Create a god’s voice micro-thread reflecting on hearing god's voice.,#shamerecovery #innerchildhealing #faithandmentalhealth #godslove #poetichealing,Planned,
"July 24, 2025",Thursday,🌻 Living from Healing,Living from Healing,🌿 Faith + Trauma Insight,Write a god voice post about living from healing.,Inner Child Voice Note,Create a inner child voice note reflecting on living from healing.,#shamerecovery #innerchildhealing #faithandmentalhealth #godslove #poetichealing,Planned,
"July 25, 2025",Friday,🌻 Living from Healing,Living from Healing,🌿 Faith + Trauma Insight,Write a emotional reframe about living from healing.,Prompt + Reframe Thread,Create a prompt + reframe thread reflecting on living from healing.,#shamerecovery #innerchildhealing #faithandmentalhealth #godslove #poetichealing,Planned,
"July 26, 2025",Saturday,🌻 Living from Healing,Living from Healing,🌿 Faith + Trauma Insight,Write a affirmation or blessing about living from healing.,Gentle Challenge Thread,Create a gentle challenge thread reflecting on living from healing.,#shamerecovery #innerchildhealing #faithandmentalhealth #godslove #poetichealing,Planned,
"July 27, 2025",Sunday,🌻 Living from Healing,Living from Healing,🌿 Faith + Trauma Insight,Write a shame reframe carousel about living from healing.,Mini Poem Thread,Create a mini poem thread reflecting on living from healing.,#shamerecovery #innerchildhealing #faithandmentalhealth #godslove #poetichealing,Planned,
"July 28, 2025",Monday,🌻 Living from Healing,Living from Healing,🌿 Faith + Trauma Insight,Write a ifs poetic prompt about living from healing.,Faith Reflection Thread,Create a faith reflection thread reflecting on living from healing.,#shamerecovery #innerchildhealing #faithandmentalhealth #godslove #poetichealing,Planned,
"July 29, 2025",Tuesday,🌻 Living from Healing,Living from Healing,🌿 Faith + Trauma Insight,Write a inner child reflection about living from healing.,God’s Voice Micro-Thread,Create a god’s voice micro-thread reflecting on living from healing.,#shamerecovery #innerchildhealing #faithandmentalhealth #godslove #poetichealing,Planned,
"July 30, 2025",Wednesday,🌻 Living from Healing,Living from Healing,🌿 Faith + Trauma Insight,Write a god voice post about living from healing.,Inner Child Voice Note,Create a inner child voice note reflecting on living from healing.,#shamerecovery #innerchildhealing #faithandmentalhealth #godslove #poetichealing,Planned,
"July 31, 2025",Thursday,🌻 Living from Healing,Living from Healing,🌿 Faith + Trauma Insight,Write a emotional reframe about living from healing.,Prompt + Reframe Thread,Create a prompt + reframe thread reflecting on living from healing.,#shamerecovery #innerchildhealing #faithandmentalhealth #godslove #poetichealing,Planned,
"August 1, 2025",Friday,🌻 Living from Healing,Living from Healing,🌿 Faith + Trauma Insight,Write a affirmation or blessing about living from healing.,Gentle Challenge Thread,Create a gentle challenge thread reflecting on living from healing.,#shamerecovery #innerchildhealing #faithandmentalhealth #godslove #poetichealing,Planned,
"August 2, 2025",Saturday,🌻 Living from Healing,Living from Healing,🌿 Faith + Trauma Insight,Write a shame reframe carousel about living from healing.,Mini Poem Thread,Create a mini poem thread reflecting on living from healing.,#shamerecovery #innerchildhealing #faithandmentalhealth #godslove #poetichealing,Planned,
"August 3, 2025",Sunday,🌻 Living from Healing,Living from Healing,🌿 Faith + Trauma Insight,Write a ifs poetic prompt about living from healing.,Faith Reflection Thread,Create a faith reflection thread reflecting on living from healing.,#shamerecovery #innerchildhealing #faithandmentalhealth #godslove #poetichealing,Planned,
"August 4, 2025",Monday,🌻 Living from Healing,Living from Healing,🌿 Faith + Trauma Insight,Write a inner child reflection about living from healing.,God’s Voice Micro-Thread,Create a god’s voice micro-thread reflecting on living from healing.,#shamerecovery #innerchildhealing #faithandmentalhealth #godslove #poetichealing,Planned,
"August 5, 2025",Tuesday,🌻 Living from Healing,Living from Healing,🌿 Faith + Trauma Insight,Write a god voice post about living from healing.,Inner Child Voice Note,Create a inner child voice note reflecting on living from healing.,#shamerecovery #innerchildhealing #faithandmentalhealth #godslove #poetichealing,Planned,
"August 6, 2025",Wednesday,🌻 Living from Healing,Living from Healing,🌿 Faith + Trauma Insight,Write a emotional reframe about living from healing.,Prompt + Reframe Thread,Create a prompt + reframe thread reflecting on living from healing.,#shamerecovery #innerchildhealing #faithandmentalhealth #godslove #poetichealing,Planned,
"August 7, 2025",Thursday,🌻 Living from Healing,Living from Healing,🌿 Faith + Trauma Insight,Write a affirmation or blessing about living from healing.,Gentle Challenge Thread,Create a gentle challenge thread reflecting on living from healing.,#shamerecovery #innerchildhealing #faithandmentalhealth #godslove #poetichealing,Planned,
"August 8, 2025",Friday,🌻 Living from Healing,Living from Healing,🌿 Faith + Trauma Insight,Write a shame reframe carousel about living from healing.,Mini Poem Thread,Create a mini poem thread reflecting on living from healing.,#shamerecovery #innerchildhealing #faithandmentalhealth #godslove #poetichealing,Planned,
"August 9, 2025",Saturday,🌻 Living from Healing,Living from Healing,🌿 Faith + Trauma Insight,Write a ifs poetic prompt about living from healing.,Faith Reflection Thread,Create a faith reflection thread reflecting on living from healing.,#shamerecovery #innerchildhealing #faithandmentalhealth #godslove #poetichealing,Planned,
"August 10, 2025",Sunday,🌻 Living from Healing,Living from Healing,🌿 Faith + Trauma Insight,Write a inner child reflection about living from healing.,God’s Voice Micro-Thread,Create a god’s voice micro-thread reflecting on living from healing.,#shamerecovery #innerchildhealing #faithandmentalhealth #godslove #poetichealing,Planned,
"August 11, 2025",Monday,🌻 Living from Healing,Living from Healing,🌿 Faith + Trauma Insight,Write a god voice post about living from healing.,Inner Child Voice Note,Create a inner child voice note reflecting on living from healing.,#shamerecovery #innerchildhealing #faithandmentalhealth #godslove #poetichealing,Planned,
"August 12, 2025",Tuesday,🌻 Living from Healing,Living from Healing,🌿 Faith + Trauma Insight,Write a emotional reframe about living from healing.,Prompt + Reframe Thread,Create a prompt + reframe thread reflecting on living from healing.,#shamerecovery #innerchildhealing #faithandmentalhealth #godslove #poetichealing,Planned,
"August 13, 2025",Wednesday,🌻 Living from Healing,Living from Healing,🌿 Faith + Trauma Insight,Write a affirmation or blessing about living from healing.,Gentle Challenge Thread,Create a gentle challenge thread reflecting on living from healing.,#shamerecovery #innerchildhealing #faithandmentalhealth #godslove #poetichealing,Planned,
"August 14, 2025",Thursday,♻️ Return & Repeat,Return & Repeat,🕊️ Blessing or Reflection,Write a shame reframe carousel about return & repeat.,Mini Poem Thread,Create a mini poem thread reflecting on return & repeat.,#shamerecovery #innerchildhealing #faithandmentalhealth #godslove #poetichealing,Planned,
"August 15, 2025",Friday,♻️ Return & Repeat,Return & Repeat,🕊️ Blessing or Reflection,Write a ifs poetic prompt about return & repeat.,Faith Reflection Thread,Create a faith reflection thread reflecting on return & repeat.,#shamerecovery #innerchildhealing #faithandmentalhealth #godslove #poetichealing,Planned,
"August 16, 2025",Saturday,♻️ Return & Repeat,Return & Repeat,🕊️ Blessing or Reflection,Write a inner child reflection about return & repeat.,God’s Voice Micro-Thread,Create a god’s voice micro-thread reflecting on return & repeat.,#shamerecovery #innerchildhealing #faithandmentalhealth #godslove #poetichealing,Planned,
"August 17, 2025",Sunday,♻️ Return & Repeat,Return & Repeat,🕊️ Blessing or Reflection,Write a god voice post about return & repeat.,Inner Child Voice Note,Create a inner child voice note reflecting on return & repeat.,#shamerecovery #innerchildhealing #faithandmentalhealth #godslove #poetichealing,Planned,
"August 18, 2025",Monday,♻️ Return & Repeat,Return & Repeat,🕊️ Blessing or Reflection,Write a emotional reframe about return & repeat.,Prompt + Reframe Thread,Create a prompt + reframe thread reflecting on return & repeat.,#shamerecovery #innerchildhealing #faithandmentalhealth #godslove #poetichealing,Planned,
"August 19, 2025",Tuesday,♻️ Return & Repeat,Return & Repeat,🕊️ Blessing or Reflection,Write a affirmation or blessing about return & repeat.,Gentle Challenge Thread,Create a gentle challenge thread reflecting on return & repeat.,#shamerecovery #innerchildhealing #faithandmentalhealth #godslove #poetichealing,Planned,